availability,year,url,zip,shp,geojson,altdir,source,col,levels,labels,palette,muni_column,muni_type,encoding,qml,epsg,filesize
北海道,2012,https://nlftp.mlit.go.jp/ksj/gml/data/{code_map}/{code_map}-{year2digit}/{code_map}-{year2digit}_{code_pref}_GML.zip,{code_map}-{year2digit}_{code_pref}_GML.zip,P23b-{year2digit}_{code_pref}.shp,,{code_map}-{year2digit}_{code_pref}_GML,https://nlftp.mlit.go.jp/ksj/gml/datalist/KsjTmplt-P23.html,,,,,,code_pref_muni,CP932,P23b.qml,4612,
青森,2012,https://nlftp.mlit.go.jp/ksj/gml/data/{code_map}/{code_map}-{year2digit}/{code_map}-{year2digit}_{code_pref}_GML.zip,{code_map}-{year2digit}_{code_pref}_GML.zip,P23b-{year2digit}_{code_pref}.shp,,{code_map}-{year2digit}_{code_pref}_GML,https://nlftp.mlit.go.jp/ksj/gml/datalist/KsjTmplt-C23.html,,,,,,code_pref_muni,CP932,C23.qml,4612,
岩手,2012,https://nlftp.mlit.go.jp/ksj/gml/data/{code_map}/{code_map}-{year2digit}/{code_map}-{year2digit}_{code_pref}_GML.zip,{code_map}-{year2digit}_{code_pref}_GML.zip,P23b-{year2digit}_{code_pref}.shp,,{code_map}-{year2digit}_{code_pref}_GML,https://nlftp.mlit.go.jp/ksj/gml/datalist/KsjTmplt-C23.html,,,,,,code_pref_muni,CP932,C23.qml,4612,
宮城,2012,https://nlftp.mlit.go.jp/ksj/gml/data/{code_map}/{code_map}-{year2digit}/{code_map}-{year2digit}_{code_pref}_GML.zip,{code_map}-{year2digit}_{code_pref}_GML.zip,P23b-{year2digit}_{code_pref}.shp,,{code_map}-{year2digit}_{code_pref}_GML,https://nlftp.mlit.go.jp/ksj/gml/datalist/KsjTmplt-C23.html,,,,,,code_pref_muni,CP932,C23.qml,4612,
秋田 ,2012,https://nlftp.mlit.go.jp/ksj/gml/data/{code_map}/{code_map}-{year2digit}/{code_map}-{year2digit}_{code_pref}_GML.zip,{code_map}-{year2digit}_{code_pref}_GML.zip,P23b-{year2digit}_{code_pref}.shp,,{code_map}-{year2digit}_{code_pref}_GML,https://nlftp.mlit.go.jp/ksj/gml/datalist/KsjTmplt-C23.html,,,,,,code_pref_muni,CP932,C23.qml,4612,
山形,2012,https://nlftp.mlit.go.jp/ksj/gml/data/{code_map}/{code_map}-{year2digit}/{code_map}-{year2digit}_{code_pref}_GML.zip,{code_map}-{year2digit}_{code_pref}_GML.zip,P23b-{year2digit}_{code_pref}.shp,,{code_map}-{year2digit}_{code_pref}_GML,https://nlftp.mlit.go.jp/ksj/gml/datalist/KsjTmplt-C23.html,,,,,,code_pref_muni,CP932,C23.qml,4612,
福島,2012,https://nlftp.mlit.go.jp/ksj/gml/data/{code_map}/{code_map}-{year2digit}/{code_map}-{year2digit}_{code_pref}_GML.zip,{code_map}-{year2digit}_{code_pref}_GML.zip,P23b-{year2digit}_{code_pref}.shp,,{code_map}-{year2digit}_{code_pref}_GML,https://nlftp.mlit.go.jp/ksj/gml/datalist/KsjTmplt-C23.html,,,,,,code_pref_muni,CP932,C23.qml,4612,
茨城,2012,https://nlftp.mlit.go.jp/ksj/gml/data/{code_map}/{code_map}-{year2digit}/{code_map}-{year2digit}_{code_pref}_GML.zip,{code_map}-{year2digit}_{code_pref}_GML.zip,P23b-{year2digit}_{code_pref}.shp,,{code_map}-{year2digit}_{code_pref}_GML,https://nlftp.mlit.go.jp/ksj/gml/datalist/KsjTmplt-C23.html,,,,,,code_pref_muni,CP932,C23.qml,4612,
千葉,2012,https://nlftp.mlit.go.jp/ksj/gml/data/{code_map}/{code_map}-{year2digit}/{code_map}-{year2digit}_{code_pref}_GML.zip,{code_map}-{year2digit}_{code_pref}_GML.zip,P23b-{year2digit}_{code_pref}.shp,,{code_map}-{year2digit}_{code_pref}_GML,https://nlftp.mlit.go.jp/ksj/gml/datalist/KsjTmplt-C23.html,,,,,,code_pref_muni,CP932,C23.qml,4612,
東京,2012,https://nlftp.mlit.go.jp/ksj/gml/data/{code_map}/{code_map}-{year2digit}/{code_map}-{year2digit}_{code_pref}_GML.zip,{code_map}-{year2digit}_{code_pref}_GML.zip,P23b-{year2digit}_{code_pref}.shp,,{code_map}-{year2digit}_{code_pref}_GML,https://nlftp.mlit.go.jp/ksj/gml/datalist/KsjTmplt-C23.html,,,,,,code_pref_muni,CP932,C23.qml,4612,
神奈川,2012,https://nlftp.mlit.go.jp/ksj/gml/data/{code_map}/{code_map}-{year2digit}/{code_map}-{year2digit}_{code_pref}_GML.zip,{code_map}-{year2digit}_{code_pref}_GML.zip,P23b-{year2digit}_{code_pref}.shp,,{code_map}-{year2digit}_{code_pref}_GML,https://nlftp.mlit.go.jp/ksj/gml/datalist/KsjTmplt-C23.html,,,,,,code_pref_muni,CP932,C23.qml,4612,
新潟,2012,https://nlftp.mlit.go.jp/ksj/gml/data/{code_map}/{code_map}-{year2digit}/{code_map}-{year2digit}_{code_pref}_GML.zip,{code_map}-{year2digit}_{code_pref}_GML.zip,P23b-{year2digit}_{code_pref}.shp,,{code_map}-{year2digit}_{code_pref}_GML,https://nlftp.mlit.go.jp/ksj/gml/datalist/KsjTmplt-C23.html,,,,,,code_pref_muni,CP932,C23.qml,4612,
富山,2012,https://nlftp.mlit.go.jp/ksj/gml/data/{code_map}/{code_map}-{year2digit}/{code_map}-{year2digit}_{code_pref}_GML.zip,{code_map}-{year2digit}_{code_pref}_GML.zip,P23b-{year2digit}_{code_pref}.shp,,{code_map}-{year2digit}_{code_pref}_GML,https://nlftp.mlit.go.jp/ksj/gml/datalist/KsjTmplt-C23.html,,,,,,code_pref_muni,CP932,C23.qml,4612,
石川,2012,https://nlftp.mlit.go.jp/ksj/gml/data/{code_map}/{code_map}-{year2digit}/{code_map}-{year2digit}_{code_pref}_GML.zip,{code_map}-{year2digit}_{code_pref}_GML.zip,P23b-{year2digit}_{code_pref}.shp,,{code_map}-{year2digit}_{code_pref}_GML,https://nlftp.mlit.go.jp/ksj/gml/datalist/KsjTmplt-C23.html,,,,,,code_pref_muni,CP932,C23.qml,4612,
福井,2012,https://nlftp.mlit.go.jp/ksj/gml/data/{code_map}/{code_map}-{year2digit}/{code_map}-{year2digit}_{code_pref}_GML.zip,{code_map}-{year2digit}_{code_pref}_GML.zip,P23b-{year2digit}_{code_pref}.shp,,{code_map}-{year2digit}_{code_pref}_GML,https://nlftp.mlit.go.jp/ksj/gml/datalist/KsjTmplt-C23.html,,,,,,code_pref_muni,CP932,C23.qml,4612,
静岡,2012,https://nlftp.mlit.go.jp/ksj/gml/data/{code_map}/{code_map}-{year2digit}/{code_map}-{year2digit}_{code_pref}_GML.zip,{code_map}-{year2digit}_{code_pref}_GML.zip,P23b-{year2digit}_{code_pref}.shp,,{code_map}-{year2digit}_{code_pref}_GML,https://nlftp.mlit.go.jp/ksj/gml/datalist/KsjTmplt-C23.html,,,,,,code_pref_muni,CP932,C23.qml,4612,
愛知 ,2012,https://nlftp.mlit.go.jp/ksj/gml/data/{code_map}/{code_map}-{year2digit}/{code_map}-{year2digit}_{code_pref}_GML.zip,{code_map}-{year2digit}_{code_pref}_GML.zip,P23b-{year2digit}_{code_pref}.shp,,{code_map}-{year2digit}_{code_pref}_GML,https://nlftp.mlit.go.jp/ksj/gml/datalist/KsjTmplt-C23.html,,,,,,code_pref_muni,CP932,C23.qml,4612,
三重,2012,https://nlftp.mlit.go.jp/ksj/gml/data/{code_map}/{code_map}-{year2digit}/{code_map}-{year2digit}_{code_pref}_GML.zip,{code_map}-{year2digit}_{code_pref}_GML.zip,P23b-{year2digit}_{code_pref}.shp,,{code_map}-{year2digit}_{code_pref}_GML,https://nlftp.mlit.go.jp/ksj/gml/datalist/KsjTmplt-C23.html,,,,,,code_pref_muni,CP932,C23.qml,4612,
京都 ,2012,https://nlftp.mlit.go.jp/ksj/gml/data/{code_map}/{code_map}-{year2digit}/{code_map}-{year2digit}_{code_pref}_GML.zip,{code_map}-{year2digit}_{code_pref}_GML.zip,P23b-{year2digit}_{code_pref}.shp,,{code_map}-{year2digit}_{code_pref}_GML,https://nlftp.mlit.go.jp/ksj/gml/datalist/KsjTmplt-C23.html,,,,,,code_pref_muni,CP932,C23.qml,4612,
大阪,2012,https://nlftp.mlit.go.jp/ksj/gml/data/{code_map}/{code_map}-{year2digit}/{code_map}-{year2digit}_{code_pref}_GML.zip,{code_map}-{year2digit}_{code_pref}_GML.zip,P23b-{year2digit}_{code_pref}.shp,,{code_map}-{year2digit}_{code_pref}_GML,https://nlftp.mlit.go.jp/ksj/gml/datalist/KsjTmplt-C23.html,,,,,,code_pref_muni,CP932,C23.qml,4612,
兵庫 ,2012,https://nlftp.mlit.go.jp/ksj/gml/data/{code_map}/{code_map}-{year2digit}/{code_map}-{year2digit}_{code_pref}_GML.zip,{code_map}-{year2digit}_{code_pref}_GML.zip,P23b-{year2digit}_{code_pref}.shp,,{code_map}-{year2digit}_{code_pref}_GML,https://nlftp.mlit.go.jp/ksj/gml/datalist/KsjTmplt-C23.html,,,,,,code_pref_muni,CP932,C23.qml,4612,
和歌山,2012,https://nlftp.mlit.go.jp/ksj/gml/data/{code_map}/{code_map}-{year2digit}/{code_map}-{year2digit}_{code_pref}_GML.zip,{code_map}-{year2digit}_{code_pref}_GML.zip,P23b-{year2digit}_{code_pref}.shp,,{code_map}-{year2digit}_{code_pref}_GML,https://nlftp.mlit.go.jp/ksj/gml/datalist/KsjTmplt-C23.html,,,,,,code_pref_muni,CP932,C23.qml,4612,
鳥取,2012,https://nlftp.mlit.go.jp/ksj/gml/data/{code_map}/{code_map}-{year2digit}/{code_map}-{year2digit}_{code_pref}_GML.zip,{code_map}-{year2digit}_{code_pref}_GML.zip,P23b-{year2digit}_{code_pref}.shp,,{code_map}-{year2digit}_{code_pref}_GML,https://nlftp.mlit.go.jp/ksj/gml/datalist/KsjTmplt-C23.html,,,,,,code_pref_muni,CP932,C23.qml,4612,
島根,2012,https://nlftp.mlit.go.jp/ksj/gml/data/{code_map}/{code_map}-{year2digit}/{code_map}-{year2digit}_{code_pref}_GML.zip,{code_map}-{year2digit}_{code_pref}_GML.zip,P23b-{year2digit}_{code_pref}.shp,,{code_map}-{year2digit}_{code_pref}_GML,https://nlftp.mlit.go.jp/ksj/gml/datalist/KsjTmplt-C23.html,,,,,,code_pref_muni,CP932,C23.qml,4612,
岡山,2012,https://nlftp.mlit.go.jp/ksj/gml/data/{code_map}/{code_map}-{year2digit}/{code_map}-{year2digit}_{code_pref}_GML.zip,{code_map}-{year2digit}_{code_pref}_GML.zip,P23b-{year2digit}_{code_pref}.shp,,{code_map}-{year2digit}_{code_pref}_GML,https://nlftp.mlit.go.jp/ksj/gml/datalist/KsjTmplt-C23.html,,,,,,code_pref_muni,CP932,C23.qml,4612,
広島,2012,https://nlftp.mlit.go.jp/ksj/gml/data/{code_map}/{code_map}-{year2digit}/{code_map}-{year2digit}_{code_pref}_GML.zip,{code_map}-{year2digit}_{code_pref}_GML.zip,P23b-{year2digit}_{code_pref}.shp,,{code_map}-{year2digit}_{code_pref}_GML,https://nlftp.mlit.go.jp/ksj/gml/datalist/KsjTmplt-C23.html,,,,,,code_pref_muni,CP932,C23.qml,4612,
山口,2012,https://nlftp.mlit.go.jp/ksj/gml/data/{code_map}/{code_map}-{year2digit}/{code_map}-{year2digit}_{code_pref}_GML.zip,{code_map}-{year2digit}_{code_pref}_GML.zip,P23b-{year2digit}_{code_pref}.shp,,{code_map}-{year2digit}_{code_pref}_GML,https://nlftp.mlit.go.jp/ksj/gml/datalist/KsjTmplt-C23.html,,,,,,code_pref_muni,CP932,C23.qml,4612,
徳島,2012,https://nlftp.mlit.go.jp/ksj/gml/data/{code_map}/{code_map}-{year2digit}/{code_map}-{year2digit}_{code_pref}_GML.zip,{code_map}-{year2digit}_{code_pref}_GML.zip,P23b-{year2digit}_{code_pref}.shp,,{code_map}-{year2digit}_{code_pref}_GML,https://nlftp.mlit.go.jp/ksj/gml/datalist/KsjTmplt-C23.html,,,,,,code_pref_muni,CP932,C23.qml,4612,
香川,2012,https://nlftp.mlit.go.jp/ksj/gml/data/{code_map}/{code_map}-{year2digit}/{code_map}-{year2digit}_{code_pref}_GML.zip,{code_map}-{year2digit}_{code_pref}_GML.zip,P23b-{year2digit}_{code_pref}.shp,,{code_map}-{year2digit}_{code_pref}_GML,https://nlftp.mlit.go.jp/ksj/gml/datalist/KsjTmplt-C23.html,,,,,,code_pref_muni,CP932,C23.qml,4612,
愛媛,2012,https://nlftp.mlit.go.jp/ksj/gml/data/{code_map}/{code_map}-{year2digit}/{code_map}-{year2digit}_{code_pref}_GML.zip,{code_map}-{year2digit}_{code_pref}_GML.zip,P23b-{year2digit}_{code_pref}.shp,,{code_map}-{year2digit}_{code_pref}_GML,https://nlftp.mlit.go.jp/ksj/gml/datalist/KsjTmplt-C23.html,,,,,,code_pref_muni,CP932,C23.qml,4612,
高知,2012,https://nlftp.mlit.go.jp/ksj/gml/data/{code_map}/{code_map}-{year2digit}/{code_map}-{year2digit}_{code_pref}_GML.zip,{code_map}-{year2digit}_{code_pref}_GML.zip,P23b-{year2digit}_{code_pref}.shp,,{code_map}-{year2digit}_{code_pref}_GML,https://nlftp.mlit.go.jp/ksj/gml/datalist/KsjTmplt-C23.html,,,,,,code_pref_muni,CP932,C23.qml,4612,
福岡,2012,https://nlftp.mlit.go.jp/ksj/gml/data/{code_map}/{code_map}-{year2digit}/{code_map}-{year2digit}_{code_pref}_GML.zip,{code_map}-{year2digit}_{code_pref}_GML.zip,P23b-{year2digit}_{code_pref}.shp,,{code_map}-{year2digit}_{code_pref}_GML,https://nlftp.mlit.go.jp/ksj/gml/datalist/KsjTmplt-C23.html,,,,,,code_pref_muni,CP932,C23.qml,4612,
佐賀,2012,https://nlftp.mlit.go.jp/ksj/gml/data/{code_map}/{code_map}-{year2digit}/{code_map}-{year2digit}_{code_pref}_GML.zip,{code_map}-{year2digit}_{code_pref}_GML.zip,P23b-{year2digit}_{code_pref}.shp,,{code_map}-{year2digit}_{code_pref}_GML,https://nlftp.mlit.go.jp/ksj/gml/datalist/KsjTmplt-C23.html,,,,,,code_pref_muni,CP932,C23.qml,4612,
長崎,2012,https://nlftp.mlit.go.jp/ksj/gml/data/{code_map}/{code_map}-{year2digit}/{code_map}-{year2digit}_{code_pref}_GML.zip,{code_map}-{year2digit}_{code_pref}_GML.zip,P23b-{year2digit}_{code_pref}.shp,,{code_map}-{year2digit}_{code_pref}_GML,https://nlftp.mlit.go.jp/ksj/gml/datalist/KsjTmplt-C23.html,,,,,,code_pref_muni,CP932,C23.qml,4612,
熊本,2012,https://nlftp.mlit.go.jp/ksj/gml/data/{code_map}/{code_map}-{year2digit}/{code_map}-{year2digit}_{code_pref}_GML.zip,{code_map}-{year2digit}_{code_pref}_GML.zip,P23b-{year2digit}_{code_pref}.shp,,{code_map}-{year2digit}_{code_pref}_GML,https://nlftp.mlit.go.jp/ksj/gml/datalist/KsjTmplt-C23.html,,,,,,code_pref_muni,CP932,C23.qml,4612,
大分,2012,https://nlftp.mlit.go.jp/ksj/gml/data/{code_map}/{code_map}-{year2digit}/{code_map}-{year2digit}_{code_pref}_GML.zip,{code_map}-{year2digit}_{code_pref}_GML.zip,P23b-{year2digit}_{code_pref}.shp,,{code_map}-{year2digit}_{code_pref}_GML,https://nlftp.mlit.go.jp/ksj/gml/datalist/KsjTmplt-C23.html,,,,,,code_pref_muni,CP932,C23.qml,4612,
宮崎,2012,https://nlftp.mlit.go.jp/ksj/gml/data/{code_map}/{code_map}-{year2digit}/{code_map}-{year2digit}_{code_pref}_GML.zip,{code_map}-{year2digit}_{code_pref}_GML.zip,P23b-{year2digit}_{code_pref}.shp,,{code_map}-{year2digit}_{code_pref}_GML,https://nlftp.mlit.go.jp/ksj/gml/datalist/KsjTmplt-C23.html,,,,,,code_pref_muni,CP932,C23.qml,4612,
鹿児島,2012,https://nlftp.mlit.go.jp/ksj/gml/data/{code_map}/{code_map}-{year2digit}/{code_map}-{year2digit}_{code_pref}_GML.zip,{code_map}-{year2digit}_{code_pref}_GML.zip,P23b-{year2digit}_{code_pref}.shp,,{code_map}-{year2digit}_{code_pref}_GML,https://nlftp.mlit.go.jp/ksj/gml/datalist/KsjTmplt-C23.html,,,,,,code_pref_muni,CP932,C23.qml,4612,
沖縄,2012,https://nlftp.mlit.go.jp/ksj/gml/data/{code_map}/{code_map}-{year2digit}/{code_map}-{year2digit}_{code_pref}_GML.zip,{code_map}-{year2digit}_{code_pref}_GML.zip,P23b-{year2digit}_{code_pref}.shp,,{code_map}-{year2digit}_{code_pref}_GML,https://nlftp.mlit.go.jp/ksj/gml/datalist/KsjTmplt-C23.html,,,,,,code_pref_muni,CP932,C23.qml,4612,
